Country (In thousand 60-kg bags),1990,1991,1992,1993,1994,1995,1996,1997,1998,1999,2000,2001,2002,2003,2004,2005,2006,2007,2008,2009,2010,2011,2012,2013,2014,2015,2016,2017,2018,2019
Algeria,"1,058.887","1,782.264",862.266,"1,470.025","1,697.675",897.735,"1,229.068","1,461.023",475.395,"2,227.745","1,778.847","1,454.679","1,852.256","1,752.312","2,159.302","1,891.630","1,836.233","1,968.357","2,117.536","2,066.220","2,021.446","1,942.379","2,116.647","2,124.726","2,153.974","2,159.120","2,323.130","2,190.164","1,819.133","2,259.792"
Benin,0.000,0.000,0.000,0.000,0.000,0.000,0.000,0.000,1.780,4.325,0.458,1.789,8.917,3.367,0.552,1.552,1.871,3.514,4.540,6.333,8.087,12.718,7.674,6.309,10.640,15.769,11.973,15.570,22.396,12.339
Botswana,12.974,11.536,18.099,22.070,20.425,9.249,26.427,13.261,29.537,37.428,20.736,17.493,17.759,35.426,34.162,35.041,17.963,12.514,33.303,24.214,22.017,23.347,30.700,22.127,20.760,32.991,23.295,21.018,5.776,17.567
Burkina Faso,5.534,7.054,1.893,7.071,8.431,13.125,11.419,12.010,16.345,22.185,13.842,10.565,14.613,32.068,26.162,20.790,4.574,32.578,20.581,38.250,60.257,70.139,65.029,78.134,82.762,127.510,91.640,106.900,126.316,104.666
Cape Verde,1.670,7.119,17.500,9.968,8.026,12.591,13.053,7.706,8.742,9.226,9.800,9.762,9.250,10.695,13.883,10.519,10.854,9.717,11.264,10.650,11.342,10.558,12.326,11.682,11.226,11.107,12.259,13.529,13.943,11.236
Chad,0.200,0.200,0.200,0.200,2.406,1.442,1.782,1.053,0.260,0.260,1.517,0.333,0.139,5.195,1.917,3.530,3.609,4.319,4.239,3.676,3.626,0.312,0.179,0.245,0.244,0.622,0.890,2.922,11.742,3.260
Comoros,0.000,0.000,0.081,0.208,0.062,0.022,0.084,0.139,0.051,0.107,0.056,0.082,0.215,0.139,0.189,0.271,0.286,0.143,0.165,0.247,0.443,0.634,1.847,0.416,0.346,0.451,1.240,0.734,1.526,1.665
Djibouti,0.470,0.401,0.586,0.935,0.537,0.378,0.338,0.159,0.178,0.129,0.198,0.833,2.986,4.749,2.863,27.606,12.380,21.257,13.813,16.820,10.462,8.916,3.680,26.490,21.270,32.195,26.458,45.519,36.591,17.934
Egypt,85.572,107.912,133.279,107.711,92.064,125.324,150.205,213.649,116.165,140.651,95.147,79.092,111.507,107.641,117.679,125.684,115.986,151.008,386.120,323.490,297.269,438.905,694.826,"1,035.802",592.979,725.506,918.168,565.804,700.106,"1,395.487"
Swaziland,5.000,5.000,13.054,16.468,5.150,3.003,2.286,7.026,9.853,8.907,22.652,10.731,19.316,59.281,18.368,17.396,10.435,19.266,22.255,22.255,22.255,7.391,7.391,25.623,8.924,15.878,12.279,7.003,8.061,5.609
Gambia,0.300,0.300,0.300,0.300,0.300,0.200,0.200,0.200,0.100,0.100,0.083,0.172,0.931,2.594,1.837,3.838,4.079,6.020,5.928,3.976,2.810,9.252,11.163,13.070,5.842,10.000,8.037,4.579,35.459,7.042
Guinea-Bissau,0.041,0.075,0.180,0.127,0.111,0.447,0.193,0.196,0.433,0.650,0.433,0.194,0.390,0.433,0.017,0.477,0.537,0.363,0.797,0.900,0.943,1.030,1.430,1.040,1.397,2.115,1.779,6.561,7.327,3.173
Lesotho,8.000,7.000,11.000,21.667,20.000,10.000,3.500,3.667,4.167,3.333,2.500,2.000,1.667,4.888,3.208,0.833,0.650,0.833,0.793,1.962,2.701,5.212,5.568,1.144,4.410,3.877,3.825,11.138,6.805,4.370
Libya,118.633,128.789,132.085,98.537,44.280,57.751,22.323,11.534,40.793,77.997,19.622,46.542,63.510,21.762,67.552,41.997,37.459,36.027,65.986,71.926,162.842,62.748,190.833,234.970,196.504,213.689,175.474,212.077,281.245,200.683
Mali,14.308,13.862,14.592,15.762,15.762,16.158,12.187,13.448,18.699,13.007,19.061,20.583,29.881,41.329,18.076,18.019,14.715,33.615,30.981,32.102,67.909,50.450,23.999,29.887,23.755,47.010,55.286,48.799,86.944,42.287
Mauritania,0.173,0.470,0.617,0.560,0.642,0.005,0.063,0.289,3.350,0.102,0.391,10.173,8.987,9.414,12.530,11.816,4.386,2.007,4.036,5.390,4.153,5.135,5.154,9.859,6.656,12.000,13.217,15.648,100.299,35.197
Mauritius,0.916,0.790,0.884,1.548,1.780,1.446,1.369,1.656,2.440,3.170,5.691,3.202,10.183,14.179,6.135,7.011,7.678,7.022,6.773,9.828,6.499,13.009,12.214,17.737,13.941,10.989,17.250,27.730,28.415,26.768
Morocco,359.506,334.738,384.316,343.347,365.286,334.983,376.876,451.911,459.987,444.028,586.462,566.094,628.545,556.479,508.684,493.518,557.005,601.905,542.974,670.206,581.964,573.133,738.494,720.823,629.923,662.121,680.153,705.839,916.527,874.629
Mozambique,0.198,0.595,0.198,0.198,0.397,0.595,0.793,1.388,1.190,2.182,5.206,0.498,0.890,0.286,1.658,1.923,2.087,4.041,6.028,3.887,3.515,5.685,2.667,7.056,10.837,8.300,12.932,16.477,7.345,11.639
Namibia,0.000,0.595,0.595,0.198,0.198,0.793,1.825,38.684,29.146,18.858,21.241,17.036,15.507,20.380,41.415,35.593,36.182,21.772,22.146,57.728,50.276,47.038,25.659,30.581,38.063,52.577,30.227,43.262,23.708,25.989
Niger,2.288,1.092,0.793,8.913,6.006,8.613,5.487,10.200,11.122,7.106,9.409,10.510,17.470,9.613,12.990,11.394,20.930,28.996,25.718,27.653,13.231,18.950,17.878,23.718,24.021,24.918,11.733,11.330,9.176,17.187
Sao Tome and Principe,0.000,0.002,0.005,0.019,0.010,0.007,0.038,0.015,0.010,0.042,0.000,0.002,0.039,0.094,0.003,0.021,0.119,0.055,0.034,0.253,0.001,0.039,0.163,0.251,0.238,0.104,0.174,0.249,0.149,0.258
Senegal,63.169,53.472,54.861,34.446,10.110,20.195,11.186,26.793,33.124,35.962,33.710,39.240,41.211,56.901,35.373,45.739,49.759,43.574,39.623,53.677,33.199,43.487,40.976,49.667,57.753,83.507,156.675,161.216,152.527,125.197
Seychelles,0.419,0.317,0.699,0.765,0.833,0.893,0.749,1.067,0.497,0.698,1.006,0.374,0.704,0.540,0.805,0.676,0.819,1.204,9.990,9.277,12.790,1.993,0.920,1.393,2.035,4.367,3.796,3.891,3.726,3.993
Somalia,8.000,0.031,0.271,0.145,0.052,0.280,0.000,0.009,0.000,0.444,0.347,0.130,1.650,0.883,1.143,4.193,1.795,1.407,2.043,0.167,0.106,0.520,1.563,1.878,0.203,1.966,1.159,0.821,1.750,4.385
South Africa,286.497,281.881,337.601,402.932,344.645,324.120,327.954,322.980,351.417,333.899,412.779,337.244,370.389,401.517,436.282,476.812,567.421,464.522,573.662,417.172,592.958,573.280,541.801,545.547,634.775,693.324,644.222,711.673,755.865,782.766
Sudan,55.501,130.302,103.333,69.767,71.967,80.333,106.617,100.347,135.716,160.590,128.510,177.782,223.643,118.649,390.484,399.099,362.650,500.523,579.494,564.588,659.505,572.415,411.831,796.256,689.797,593.886,641.346,305.275,704.927,753.248
Afghanistan,0.250,0.250,0.250,0.250,0.250,0.250,0.867,2.900,1.000,1.500,2.933,3.430,0.965,4.247,1.127,2.590,2.010,3.397,9.680,5.706,9.665,1.040,4.637,3.033,7.792,11.539,10.681,34.357,38.556,8.158
Armenia,0.000,0.000,2.500,2.500,2.600,30.637,54.214,58.752,104.330,115.942,135.795,181.502,183.440,178.848,210.595,197.626,170.927,187.795,212.077,183.803,201.397,191.488,187.890,206.658,194.101,201.369,206.612,206.515,204.604,229.970
Australia,745.906,788.978,850.732,802.013,843.793,808.093,844.568,898.568,928.574,976.614,921.420,898.344,"1,120.595","1,003.790","1,004.194","1,199.501","1,173.969","1,197.346","1,278.668","1,362.364","1,513.535","1,563.968","1,766.088","1,667.152","1,680.875","1,919.656","1,881.364","2,078.050","2,070.871","2,178.039"
Azerbaijan,0.000,0.000,2.000,2.000,4.371,0.725,1.326,0.759,0.134,1.542,1.150,1.939,1.445,2.178,9.901,19.460,1.626,2.711,3.892,4.062,6.351,8.485,12.494,12.364,10.770,13.326,16.256,19.468,31.494,34.680
Bahrain,7.210,8.257,10.572,7.727,4.765,6.192,5.105,5.004,6.875,5.691,5.860,6.878,5.874,7.403,10.675,12.329,12.704,15.508,12.828,9.154,9.585,12.026,8.623,15.373,31.247,21.757,20.922,27.119,32.863,55.980
Bangladesh,0.038,0.133,0.268,1.323,0.572,4.286,1.279,1.336,9.999,2.745,3.114,10.933,4.125,5.941,6.595,5.112,6.225,9.346,10.931,6.826,6.736,12.482,9.183,9.091,16.047,18.931,23.204,90.899,116.374,54.280
Brunei,8.428,10.133,7.935,10.539,8.660,16.053,20.014,29.028,19.592,12.228,18.158,14.403,21.808,24.261,20.862,21.149,25.776,37.981,30.601,33.574,37.243,45.917,46.650,47.094,45.835,59.184,57.414,44.589,61.957,51.810
Cambodia,0.000,0.000,0.433,0.433,6.800,3.900,1.404,1.203,0.990,2.250,1.461,0.757,0.687,1.331,1.716,3.432,3.397,1.656,2.199,2.029,4.989,47.317,95.152,58.194,24.908,23.592,35.972,98.479,117.741,67.859
China,27.543,46.094,69.049,34.101,15.048,34.026,209.150,29.420,83.874,83.256,94.712,162.235,198.711,242.280,253.977,286.521,357.469,365.703,400.879,419.420,572.524,808.674,"1,087.995",931.529,"1,262.336","1,188.317","1,707.640","2,145.957","1,456.253","1,465.702"
China,131.232,178.468,217.520,183.304,204.291,112.985,146.881,167.251,141.861,150.022,140.779,124.979,104.832,105.990,127.771,120.984,129.619,146.421,172.817,179.812,191.014,223.942,283.319,273.183,249.181,298.073,346.242,402.885,721.182,617.900
China,29.609,24.450,16.406,9.900,9.906,7.042,9.372,8.146,6.334,4.498,3.131,9.774,9.648,11.584,14.793,17.766,18.076,22.383,17.968,18.584,19.969,33.379,25.974,29.542,28.374,31.238,33.324,36.521,48.442,40.305
Cook Islands,0.000,0.059,0.076,0.052,0.009,0.022,0.016,0.007,0.067,0.040,0.034,0.017,0.053,0.054,0.073,0.112,0.148,0.129,0.451,0.051,0.109,0.050,0.050,0.622,0.595,1.186,0.556,2.046,0.789,0.709
North Korea,0.142,0.288,0.234,1.547,0.635,1.761,0.786,0.180,0.426,0.796,24.570,29.467,26.701,7.934,26.551,20.404,9.099,25.811,2.941,4.270,15.632,20.307,7.013,15.327,44.396,46.802,19.789,26.742,40.839,26.683
Fiji,1.598,1.464,1.576,2.643,1.946,4.308,3.096,2.139,2.030,2.838,2.361,8.344,11.212,2.682,3.611,6.660,1.872,2.023,0.951,1.851,1.970,1.424,1.295,1.872,1.830,1.951,2.343,3.516,3.438,9.234
Iran,3.548,5.108,2.315,5.429,0.918,0.197,0.010,0.454,2.110,2.060,2.526,7.409,4.132,12.836,32.530,43.130,61.068,35.821,69.807,66.556,145.623,137.218,155.931,107.686,81.673,101.630,161.476,208.167,245.073,445.384
Iraq,8.333,0.194,0.000,0.300,0.300,0.758,1.346,2.346,0.468,3.347,1.448,9.441,4.907,7.133,10.073,9.120,6.127,17.110,23.763,14.003,10.580,19.923,22.319,52.973,36.521,33.380,53.018,176.346,223.657,56.220
Israel,272.700,340.567,453.354,468.979,478.510,449.967,461.008,462.459,522.855,451.985,357.035,429.984,394.383,431.377,460.606,504.967,593.128,586.790,592.933,513.598,657.494,647.794,661.752,639.110,591.767,620.403,598.800,718.987,733.857,856.183
Jordan,50.823,63.766,106.081,47.143,46.993,78.045,81.246,94.777,128.232,118.741,174.163,158.632,204.468,161.975,222.130,159.398,189.117,232.254,256.937,336.087,356.385,326.454,405.204,550.312,565.737,563.672,635.541,672.943,816.334,695.286
Kazakhstan,0.000,0.000,0.650,4.333,9.100,10.975,3.007,2.765,21.200,10.456,18.600,33.108,34.923,56.874,66.282,66.027,111.727,163.717,150.867,184.362,158.267,132.756,132.049,137.765,130.914,127.678,144.947,182.479,206.210,240.538
Kiribati,0.129,0.198,0.128,0.198,0.198,0.198,0.365,0.198,0.198,0.532,0.698,0.198,3.088,0.594,0.360,0.159,0.512,0.037,0.356,0.147,0.135,0.220,0.121,0.230,0.804,0.367,0.501,2.009,2.482,1.011
Kuwait,20.697,18.549,44.867,33.623,32.903,40.377,45.620,38.089,51.072,55.986,52.049,77.430,87.024,72.509,73.098,89.727,59.990,61.769,74.761,72.239,72.047,82.897,101.185,95.831,155.555,164.454,221.846,209.074,261.975,264.850
Kyrgyzstan,0.000,0.000,2.000,0.616,0.294,0.187,0.067,1.600,5.453,1.796,0.117,0.025,0.694,3.278,4.801,5.622,7.486,7.294,7.980,13.689,16.614,21.457,18.881,16.837,19.837,21.441,39.790,21.984,18.845,28.062
Lebanon,166.667,266.667,350.000,250.000,216.667,300.000,300.000,255.270,305.984,282.767,275.019,424.530,322.615,314.925,414.606,356.567,315.632,435.531,397.134,421.956,460.866,432.396,451.213,647.235,612.295,645.962,638.888,620.298,648.696,623.112
Malaysia,178.935,201.079,214.155,211.700,231.164,313.935,407.217,415.882,304.539,393.126,510.325,630.306,667.805,546.406,761.281,508.985,767.866,970.035,"1,014.142",868.045,"1,243.569","1,586.664","1,742.015","1,957.473","1,822.584","1,843.970","1,948.434","2,044.338","2,323.992","2,418.935"
Marshall Islands,0.000,0.000,0.000,0.000,0.000,0.000,0.000,0.000,0.000,0.000,0.000,0.000,0.000,0.000,0.000,0.000,0.000,0.000,0.000,0.000,0.000,0.000,0.000,0.000,0.000,0.000,0.000,0.000,0.000,0.602
Federated States of Micronesia,0.000,0.000,0.000,0.000,0.000,1.171,0.054,1.301,0.231,1.169,1.244,3.163,3.645,3.029,3.319,2.929,3.606,3.769,6.346,8.778,4.011,3.834,4.726,6.399,4.560,4.979,3.688,2.001,3.348,1.348
Mongolia,0.289,0.000,0.171,0.060,0.901,0.874,2.284,1.431,3.089,1.491,1.335,4.817,14.338,5.064,9.390,10.837,12.170,7.934,10.013,8.781,11.291,15.817,14.223,21.969,24.157,25.963,27.038,31.778,32.558,35.689
Myanmar,0.015,0.164,1.087,0.030,1.285,2.135,0.877,0.054,0.026,0.022,0.022,57.208,54.914,61.624,81.657,63.928,82.814,109.257,158.846,194.714,314.876,257.346,352.524,188.964,202.236,209.825,172.347,390.523,362.203,308.386
New Zealand,134.008,127.125,135.164,150.288,147.477,149.469,156.556,162.933,190.318,170.685,189.597,196.918,204.921,221.845,236.399,243.494,259.732,258.873,262.259,281.876,280.264,271.370,285.637,323.282,328.756,358.834,348.270,376.430,405.049,501.609
Oman,35.648,52.260,59.285,34.410,39.799,55.060,41.249,46.299,57.212,56.289,74.988,59.995,45.071,64.072,59.993,57.818,54.650,61.378,67.025,69.363,55.496,74.105,88.198,114.548,114.510,102.394,99.406,69.045,165.937,84.409
Pakistan,3.322,1.652,5.176,1.236,1.020,4.151,5.292,1.386,0.510,1.538,2.079,3.058,1.657,5.950,8.527,7.587,8.416,8.008,10.812,9.874,9.572,7.500,4.715,17.382,18.313,12.616,12.136,26.341,22.931,23.483
Qatar,5.178,10.582,10.665,4.723,6.731,16.151,13.284,12.117,10.644,21.230,15.209,19.019,20.103,23.695,20.806,31.697,23.281,32.430,45.014,53.845,58.191,42.264,49.448,46.460,43.691,55.332,75.035,94.826,64.961,183.125
South Korea,895.734,864.925,"1,003.551","1,079.276","1,184.877","1,102.772",996.901,"1,178.655","1,071.155","1,138.365","1,316.388","1,330.812","1,412.328","1,402.655","1,500.875","1,536.823","1,572.281","1,586.797","1,845.367","1,798.750","2,010.683","2,345.790","2,106.481","2,141.103","2,418.941","2,518.094","2,779.794","2,893.411","2,898.649","3,133.698"
Samoa,1.040,0.392,0.472,0.686,0.103,0.079,0.633,0.043,0.116,0.130,0.080,0.080,0.033,0.119,0.200,0.283,0.393,0.251,3.099,2.645,4.687,4.461,7.276,9.347,11.762,14.064,16.497,14.236,5.354,3.473
Saudi Arabia,275.053,343.124,231.872,144.232,106.936,290.589,281.120,214.726,343.904,364.853,412.747,389.227,453.655,474.200,566.133,596.263,643.841,757.964,830.550,853.945,955.336,"1,029.584","1,214.932","1,331.638","1,383.310","1,683.864","1,370.957","1,532.226","1,245.839","1,284.370"
Singapore,"1,214.442","1,099.472","1,552.275","1,614.575","1,770.217","1,041.061",862.119,"1,100.197",697.991,869.670,944.151,"1,051.883","1,118.787",990.620,"1,392.846","1,263.504","1,014.750",879.438,767.017,581.953,624.477,643.500,760.673,680.641,766.590,873.632,681.397,699.442,807.443,894.625
Solomon Islands,0.340,0.278,0.167,0.167,0.167,0.167,0.167,2.417,2.100,2.100,2.100,0.464,0.636,0.277,2.608,4.141,7.583,10.773,10.512,9.961,10.054,4.545,9.694,1.585,6.817,10.346,3.100,2.283,1.104,0.930
Syria,26.250,166.076,180.834,228.968,185.384,200.040,218.567,209.490,268.241,276.788,221.311,640.791,450.128,207.953,343.840,407.643,266.248,593.792,346.665,725.107,501.480,604.729,477.903,436.777,463.327,423.158,402.934,459.962,459.962,515.799
Taiwan,146.063,183.869,173.472,156.721,212.877,166.431,209.516,253.944,268.219,318.087,402.151,442.719,478.346,490.865,360.503,324.579,295.276,358.080,319.068,359.962,453.220,469.793,475.895,557.093,583.186,667.261,697.808,850.946,789.332,833.776
Tajikistan,0.000,0.000,0.000,0.000,0.000,0.000,0.000,0.000,0.000,0.000,0.000,0.000,0.000,0.000,0.000,0.000,0.000,0.000,0.000,0.000,0.000,0.000,0.000,0.000,0.000,0.000,0.000,0.000,0.000,34.377
Tonga,0.145,0.250,0.222,0.302,0.416,0.195,0.428,0.231,0.321,0.365,0.837,1.106,0.785,0.653,0.347,0.723,1.074,3.395,1.456,2.020,1.674,1.807,1.772,2.086,0.971,1.294,1.300,0.518,1.248,0.104
Turkey,140.372,164.592,171.272,219.622,142.392,201.013,251.850,252.983,295.810,268.027,291.637,294.277,363.152,372.243,410.736,472.433,509.354,530.006,499.656,533.633,625.369,656.460,723.350,841.975,986.685,"1,248.747","1,191.738","1,474.314","1,463.964","1,862.998"
United Arab Emirates,79.269,93.757,116.548,102.915,93.703,114.969,137.796,124.854,174.653,91.782,189.208,246.827,241.272,224.793,299.017,356.721,317.686,324.141,319.935,345.393,296.145,349.936,369.391,468.311,463.125,530.430,605.800,845.038,"1,118.321","1,351.872"
Uzbekistan,0.000,0.000,0.000,0.000,0.000,0.000,0.000,0.000,0.000,0.000,0.000,0.000,0.000,0.000,0.000,0.000,0.000,0.000,0.000,0.000,0.000,0.000,0.000,0.000,0.000,0.000,0.000,0.000,74.823,119.627
Vanuatu,0.411,0.269,0.578,0.352,0.454,0.318,0.417,0.530,0.211,0.291,0.920,0.394,0.419,1.919,0.358,0.989,0.386,1.336,1.272,0.806,1.568,1.558,0.941,1.778,1.580,1.483,1.615,3.637,6.124,2.180
Anguilla,0.009,0.055,0.079,0.330,0.300,0.037,0.032,0.349,0.841,0.669,0.762,0.763,0.876,0.740,0.694,0.470,0.530,0.411,0.614,0.917,0.981,0.390,0.506,0.400,0.494,0.319,0.315,0.215,0.359,0.354
Antigua and Barbuda,0.718,0.602,0.303,0.261,0.321,0.332,0.107,1.103,0.170,0.186,1.019,1.088,0.453,0.693,0.552,1.105,1.139,1.380,1.336,1.714,1.950,3.443,3.459,2.165,2.090,2.833,1.862,4.492,4.445,5.282
Aruba,16.222,4.994,1.545,5.303,7.386,7.055,5.322,5.169,5.171,15.342,11.534,13.109,10.985,11.894,10.085,10.574,11.753,11.184,8.568,3.455,1.821,1.637,1.867,1.701,3.683,5.092,3.321,4.661,7.942,7.797
Bahamas,8.357,8.504,7.560,8.246,15.617,13.305,11.817,9.478,6.190,6.247,13.199,14.906,12.290,17.391,15.786,12.892,12.144,11.658,17.825,13.739,14.451,10.312,14.932,13.763,12.828,17.047,12.999,10.660,6.650,7.823
Barbados,3.510,3.434,3.257,2.571,3.896,4.988,6.784,5.878,8.569,6.859,6.941,7.892,10.121,9.079,10.884,4.966,4.711,4.360,4.513,5.167,4.782,4.175,4.652,4.647,4.774,5.901,4.733,5.235,7.353,5.565
British Virgin Islands,0.041,0.021,0.000,0.030,0.002,0.012,0.048,0.041,1.963,0.017,1.035,0.934,0.000,0.008,0.022,0.015,0.018,0.380,0.006,0.539,2.750,0.233,0.275,0.097,0.290,0.347,0.245,0.277,0.187,0.154
Cayman Islands,0.255,0.478,0.385,0.256,0.254,0.374,0.267,0.298,1.926,0.232,0.306,0.272,0.571,2.023,0.390,0.173,0.303,0.173,0.650,0.867,1.950,1.950,1.777,1.777,3.372,3.219,4.205,13.104,11.742,4.640
Dominica,0.001,0.509,0.495,0.283,0.623,0.176,2.988,1.066,0.690,0.490,1.534,0.620,1.102,1.748,1.838,0.743,0.250,0.302,0.337,0.437,0.445,0.396,0.318,0.334,5.780,0.744,0.226,0.593,0.485,0.507
Grenada,0.645,0.419,0.291,0.486,0.488,0.383,0.864,0.333,0.616,0.516,0.659,0.745,0.765,0.846,0.564,0.633,0.684,0.544,1.026,0.599,0.975,1.059,1.048,1.100,1.352,1.145,1.184,0.219,0.227,0.325
Montserrat,0.063,0.099,0.097,0.113,0.099,0.100,0.050,0.000,0.000,0.134,0.051,0.046,0.063,0.037,0.053,0.039,0.055,0.033,0.033,0.030,0.030,0.065,0.075,0.055,0.077,0.057,0.055,0.042,0.031,0.010
Netherlands Antilles,6.680,8.254,7.347,9.070,10.290,8.469,4.294,6.999,15.494,15.126,3.733,4.000,4.100,2.757,2.743,6.117,10.083,6.767,8.200,8.903,6.206,0.000,0.000,0.000,0.000,0.000,0.000,0.000,0.000,11.314
Puerto Rico,8.819,25.560,14.105,14.912,19.903,6.781,16.419,10.830,98.841,168.035,134.087,72.071,112.792,78.759,100.231,114.488,54.763,51.553,105.294,158.085,164.053,122.071,177.330,166.047,199.239,190.950,184.726,114.670,122.167,248.630
Saint Kitts and Nevis,0.433,1.300,1.300,0.433,0.433,0.433,0.433,0.433,0.357,0.152,0.289,0.375,0.352,0.503,0.297,0.191,0.218,0.214,0.537,0.660,0.387,0.437,0.746,0.514,0.494,0.500,0.500,0.981,0.136,0.195
Saint Lucia,1.966,3.057,1.530,1.793,2.144,1.630,2.280,2.774,2.965,2.373,2.371,2.997,1.293,2.418,3.495,2.332,1.885,2.260,2.036,1.373,1.797,0.965,2.837,2.312,1.836,2.473,2.150,2.525,0.945,0.394
Saint Vincent & the Grenadines,0.065,0.305,0.763,0.637,0.366,0.654,0.538,0.618,0.942,0.804,0.936,0.972,1.315,1.091,0.498,0.307,0.340,0.565,0.685,0.310,0.350,0.242,0.360,0.454,0.605,0.548,0.750,0.300,0.542,0.068
Belize,4.522,4.862,5.419,5.484,5.611,9.604,9.617,14.790,10.727,7.448,13.499,9.153,11.056,1.301,1.870,0.649,3.379,2.274,1.594,1.813,2.410,2.408,3.958,5.905,8.537,14.019,14.263,15.877,22.932,25.676
Bermuda,4.058,4.561,4.583,4.134,4.117,3.967,6.633,4.050,4.050,4.633,4.633,4.633,8.010,0.979,1.276,1.940,2.793,1.365,1.486,2.316,2.672,4.497,4.226,6.398,9.646,8.288,4.587,4.711,4.900,4.574
Albania,28.417,9.283,33.333,59.685,67.802,31.302,11.275,1.651,6.248,42.142,71.324,77.208,71.475,76.161,68.863,67.480,103.342,112.721,115.349,122.167,113.653,116.812,123.346,131.379,123.046,143.464,154.180,154.907,125.143,144.686
Belarus,0.000,0.000,5.500,10.000,30.000,64.221,28.264,79.739,14.034,12.171,26.524,28.377,32.239,64.271,92.723,163.244,210.897,257.644,290.905,170.607,179.858,158.406,200.651,199.930,257.118,258.617,275.139,333.253,382.671,379.088
Bosnia and Herzegovina,0.000,0.000,36.600,42.700,18.850,16.450,21.786,20.040,314.482,84.365,64.804,114.159,182.899,401.475,394.688,367.923,410.800,410.080,407.662,342.337,316.979,373.271,396.671,409.414,392.382,408.174,405.351,390.768,403.331,401.928
Georgia,0.000,0.000,0.000,0.000,0.000,0.000,0.000,0.000,44.681,50.075,42.805,34.910,34.322,42.115,80.969,86.028,81.390,127.691,92.268,134.246,137.693,147.103,154.795,168.048,168.222,183.539,187.302,195.293,192.831,210.722
Gibraltar,2.520,2.500,1.000,1.000,0.603,0.672,1.692,0.877,0.885,0.173,0.421,0.123,2.486,1.030,0.914,1.037,1.650,1.362,0.993,1.229,0.794,1.894,0.229,1.146,0.091,1.569,0.500,3.002,2.928,3.017
Holy See,2.747,3.455,3.357,2.512,2.086,1.716,1.401,1.591,1.510,1.529,1.356,0.873,1.610,1.082,1.073,0.932,0.803,0.496,0.303,0.280,0.314,0.253,0.100,0.100,0.100,0.100,0.100,0.002,0.000,0.000
Iceland,37.674,41.985,42.952,43.104,38.886,39.511,42.245,38.102,44.094,40.688,43.558,39.950,43.264,43.581,44.540,48.691,44.643,47.787,44.084,47.291,44.871,42.021,44.755,46.370,46.770,50.102,53.767,51.812,51.168,53.532
Montenegro,0.000,0.000,0.000,0.000,0.000,0.000,0.000,0.000,0.000,0.000,0.000,0.000,0.000,0.000,0.000,0.000,184.422,150.310,144.692,206.214,218.984,146.714,74.973,82.876,65.277,65.273,59.480,58.781,58.927,145.088
The former Yugoslav Republic of Macedonia,0.000,0.000,78.758,51.262,63.288,69.845,51.392,53.162,77.077,62.419,36.667,90.115,108.000,126.423,130.532,135.962,132.212,144.501,136.402,146.261,133.423,135.383,148.078,156.042,145.353,146.927,153.109,151.121,158.530,165.531
Moldova,0.000,0.000,5.485,0.800,0.801,1.661,2.852,5.269,4.465,2.569,3.248,13.778,12.980,22.896,8.315,11.326,15.836,25.012,27.026,27.714,34.634,38.538,39.998,39.341,44.738,40.141,51.410,51.881,61.210,66.739
Republic of Serbia,0.000,0.000,482.758,0.000,0.000,0.000,179.774,307.409,466.820,451.200,644.130,672.436,747.301,772.843,859.902,653.116,613.136,619.835,690.064,577.553,555.994,585.079,604.861,579.511,594.468,511.497,610.990,575.536,549.738,616.558
Ukraine,0.000,0.000,23.400,13.867,83.260,185.190,269.207,170.653,135.690,265.960,184.235,232.756,443.282,650.751,744.267,"1,032.531",988.947,"1,084.621","1,828.961","1,541.072","1,588.247","1,371.741","1,293.831","1,402.881","1,291.076","1,155.126","1,183.620","1,146.841","1,337.758","1,457.349"
Canada,"2,253.478","2,356.146","2,271.012","2,488.917","2,827.130","2,509.893","2,763.456","2,863.889","3,410.341","3,315.161","3,321.067","3,376.948","3,199.325","2,984.947","3,508.854","3,588.623","3,809.037","3,902.242","3,805.384","3,896.478","4,365.799","4,542.109","4,443.530","4,519.733","4,981.025","4,697.866","4,872.775","5,098.464","5,113.962","5,420.402"
Argentina,508.361,577.464,697.761,648.852,646.416,630.228,711.556,743.118,642.513,650.068,629.213,640.721,529.052,631.928,586.116,596.008,581.412,649.067,575.927,562.319,627.983,592.006,760.265,803.713,562.092,631.517,523.599,627.333,598.634,634.581
Chile,115.640,133.958,203.930,187.155,153.727,200.126,248.225,224.612,198.310,176.617,244.936,275.845,239.110,256.711,257.285,266.522,267.649,285.997,315.352,232.220,384.198,305.492,263.833,320.011,346.784,348.154,351.855,376.446,392.187,471.279
Suriname,1.937,7.002,2.928,3.708,3.459,8.055,7.690,10.143,11.177,6.652,12.133,10.817,8.908,9.840,17.312,13.500,14.329,14.432,17.048,16.654,16.205,15.900,15.462,18.593,18.423,16.166,15.436,9.703,13.538,9.715
Uruguay,42.261,30.191,45.544,32.313,39.978,38.922,42.059,41.978,47.829,45.090,42.712,57.077,41.326,47.849,50.624,53.216,48.432,58.452,54.853,55.819,61.693,63.086,59.816,59.983,59.113,59.956,55.148,56.313,56.841,56.628
Austria,"1,879.717","2,058.271","2,206.416","1,836.489","1,417.214","1,231.436","1,210.466","1,294.203","1,293.354","1,499.777","1,257.233","1,432.414","1,447.207","1,336.060","1,538.156","1,576.579","1,600.652","1,968.113","1,901.067","1,309.234","1,369.200","1,452.493","1,558.609","1,554.927","1,525.081","1,513.390","1,494.939","1,459.912","1,429.407","1,447.514"
Belgium,,,,,,,,,,"3,003.006","3,490.616","3,208.627","3,792.173","3,817.614","3,968.305","4,063.225","4,604.684","4,013.653","6,792.087","5,915.501","5,923.730","5,828.442","5,668.232","5,502.144","5,211.749","5,533.514","6,052.170","5,677.379","5,742.253","6,198.897"
Bulgaria,268.183,200.220,182.231,397.443,462.668,515.418,272.160,294.154,342.122,366.919,280.727,354.905,343.432,400.361,366.849,440.514,434.552,393.361,517.206,522.996,528.372,481.510,559.825,609.487,620.709,681.757,779.160,706.883,737.244,784.897
Croatia,,,168.190,162.774,193.450,320.132,321.836,385.297,339.051,352.083,344.382,352.089,370.915,392.574,388.392,391.600,404.122,413.765,405.326,394.049,393.825,390.874,384.490,412.849,419.674,437.201,478.667,439.074,445.514,466.418
Cyprus,49.854,53.926,40.876,77.412,51.836,43.769,51.502,41.341,49.779,55.459,68.538,59.046,56.629,58.798,59.354,80.098,73.804,71.422,77.514,71.740,76.728,82.079,83.877,93.766,94.388,89.305,93.153,99.934,133.180,133.225
Czech Republic,659.433,525.274,474.731,514.277,553.797,553.197,525.298,560.225,764.839,727.677,808.942,899.253,887.880,974.066,928.875,"1,063.414",940.478,"1,037.079","1,037.327",930.026,950.722,952.367,"1,126.623","1,183.882","1,822.691","2,067.839","1,779.351","1,506.967","1,903.159","1,608.921"
Denmark,959.105,982.757,"1,061.623",993.947,"1,033.184",877.159,"1,005.999",949.071,"1,013.723","1,093.779","1,021.798","1,102.964","1,075.800","1,001.582","1,119.450",993.360,"1,004.163",995.198,900.365,859.847,"1,014.641",908.870,913.099,921.179,853.424,840.778,905.790,852.193,867.951,907.935
Estonia,,,16.378,51.148,83.098,107.478,116.918,141.115,134.659,130.913,105.305,160.889,119.703,133.806,175.733,221.136,254.424,277.107,334.383,357.273,262.870,166.856,157.235,156.214,130.854,126.201,134.803,133.148,147.138,147.849
Finland,"1,095.141","1,033.067","1,055.361","1,301.456","1,361.003",769.499,992.274,"1,185.521","1,167.935","1,209.485","1,063.111","1,084.063","1,075.335","1,104.797","1,151.983","1,156.441","1,167.979","1,207.029","1,284.795","1,243.264","1,273.743","1,286.515","1,237.833","1,275.468","1,213.055","1,320.802","1,388.966","1,360.024","1,284.823","1,515.474"
France,"6,301.221","6,552.709","6,612.056","6,334.468","6,368.662","6,213.680","6,659.513","6,703.985","6,576.023","6,675.666","6,520.009","6,752.744","6,925.100","6,651.824","5,940.129","5,714.009","6,190.532","6,420.270","6,251.739","6,669.728","6,717.242","6,991.820","6,841.136","6,713.105","7,112.306","6,808.567","6,737.783","6,966.515","7,624.019","7,992.905"
Germany,"13,670.946","13,228.851","13,788.554","14,107.003","13,583.215","12,851.835","13,507.129","13,905.185","13,739.568","14,320.027","13,894.540","14,753.266","15,515.537","15,727.003","17,356.071","16,716.049","18,542.843","19,564.053","19,876.237","19,415.665","20,602.956","20,926.405","21,816.212","21,174.307","22,077.694","21,316.212","22,368.391","21,764.784","22,147.181","22,431.905"
Greece,641.963,407.027,348.923,374.593,502.128,522.595,765.507,788.621,704.456,732.962,798.386,867.643,897.497,997.974,941.795,930.593,897.127,"1,080.887","1,056.036","1,046.018","1,061.328","1,154.526","1,243.663","1,269.094","1,233.605","1,209.965","1,583.738",867.119,"1,160.024","1,246.274"
Hungary,573.974,640.987,522.248,668.056,771.222,519.505,602.906,674.960,715.594,762.065,790.207,833.221,827.507,863.770,977.418,851.723,900.548,893.589,810.767,703.938,726.890,639.624,747.928,557.397,833.449,714.209,725.438,721.561,779.213,772.970
Ireland,129.477,118.267,94.568,110.542,130.540,114.607,98.158,106.284,101.978,142.033,154.688,180.151,176.602,226.723,263.645,251.280,252.244,266.461,127.423,142.014,164.737,210.443,252.005,232.745,291.860,356.571,402.630,426.916,439.614,438.280
Italy,"5,241.831","4,630.023","4,594.727","5,593.705","5,553.766","5,387.861","5,607.987","5,742.632","5,889.394","5,943.088","6,314.875","6,541.731","6,523.415","6,929.190","7,031.931","7,268.613","7,547.526","8,028.463","8,172.104","8,078.169","8,235.962","8,355.343","8,690.870","8,822.545","9,349.822","9,328.193","10,224.189","10,020.273","10,639.355","10,913.757"
Latvia,,,20.259,59.774,22.556,29.522,65.752,143.644,158.955,183.109,181.052,156.220,163.882,185.920,187.770,191.085,220.515,150.635,154.249,131.978,137.665,141.281,156.986,161.289,213.388,201.593,231.291,228.920,242.743,234.941
Lithuania,,,1.863,9.100,46.727,112.948,149.561,187.114,185.150,206.273,212.662,267.089,262.882,220.659,256.385,283.767,316.648,335.547,390.498,410.935,376.054,288.875,336.676,362.186,396.478,427.757,499.270,432.452,441.466,473.631
Luxembourg,,,,,,,,,,145.045,231.770,209.706,252.710,288.763,315.802,330.795,335.534,359.567,351.413,329.951,348.875,325.529,322.753,378.173,413.043,376.226,394.329,379.929,433.324,402.267
Malta,20.714,16.074,17.858,22.613,13.212,22.647,9.232,9.459,10.104,8.904,9.202,9.398,9.564,10.662,15.603,16.302,28.874,15.917,23.019,14.218,12.177,16.957,21.299,21.897,24.634,16.313,18.532,16.754,19.378,23.371
Netherlands,"3,128.150","3,120.774","3,204.952","2,803.729","2,799.881","2,910.366","3,083.957","2,923.773","2,862.048","2,565.504","2,965.801","2,793.684","2,760.002","3,175.539","3,159.027","2,988.015","3,292.805","3,531.019","2,304.443","2,502.133","2,582.661","2,678.334","2,729.761","3,406.795","4,016.022","4,176.236","4,781.450","5,067.741","5,520.438","5,354.023"
Poland,435.065,249.871,"1,787.057","1,670.498","1,842.641","1,770.709","1,924.074","2,253.082","2,292.961","2,403.635","2,576.377","2,719.394","2,643.496","2,664.345","2,686.816","2,791.504","2,653.660","2,263.670","2,460.345","3,161.537","3,278.914","3,403.819","3,542.746","3,284.383","3,229.208","3,665.612","3,827.169","3,999.319","4,325.062","4,452.457"
Portugal,551.589,557.469,591.174,666.447,663.862,633.168,742.959,727.290,761.587,816.947,811.433,843.381,838.099,833.901,838.341,831.216,861.681,911.297,885.071,886.726,"1,010.442","1,057.734","1,075.842","1,062.682","1,059.749","1,043.857","1,128.481","1,093.955","1,140.203","1,219.765"
Romania,441.534,335.450,603.208,425.350,347.447,551.343,696.558,630.977,595.302,511.423,551.557,633.172,738.258,755.340,828.316,874.363,854.259,839.755,826.103,811.462,838.855,844.185,902.873,971.477,958.483,"1,011.643","1,133.699","1,154.573","1,174.143","1,165.061"
Slovakia,0.000,0.000,0.000,288.477,256.693,250.087,260.546,252.885,258.930,268.976,285.965,317.005,300.009,302.836,298.005,307.624,347.173,508.265,610.576,458.397,654.848,777.215,771.630,798.425,918.893,910.385,906.183,723.050,889.517,773.500
Slovenia,0.000,0.000,122.875,152.218,159.139,147.619,174.634,170.647,174.303,181.525,186.773,194.183,200.809,177.061,196.182,190.882,186.660,204.555,205.057,210.241,217.586,222.989,220.895,257.915,268.925,271.786,322.870,401.439,549.660,619.500
Spain,"3,053.251","2,969.543","3,414.290","2,813.088","3,028.425","3,145.866","3,515.278","3,776.561","3,717.654","3,986.024","3,768.202","4,057.629","4,026.116","4,135.617","4,173.474","4,356.082","4,538.360","4,874.749","4,863.768","4,811.284","5,034.403","4,820.908","5,094.020","5,136.943","5,405.558","5,428.565","5,660.147","5,414.229","5,673.001","5,983.511"
Sweden,"1,766.674","1,717.087","1,771.725","1,756.601","1,893.292","1,420.442","1,522.379","1,472.842","1,439.637","1,455.677","1,344.168","1,432.180","1,463.309","1,434.927","1,495.227","1,693.003","1,820.482","1,769.668","1,804.126","1,658.654","1,726.680","1,646.726","1,679.735","1,709.389","2,198.463","2,120.551","2,349.869","2,306.332","2,262.214","2,347.797"
Japan,"5,329.750","5,510.469","5,325.616","5,691.120","6,217.151","5,489.087","5,994.113","5,921.415","6,026.965","6,547.485","6,908.009","6,996.198","7,307.457","6,922.573","7,253.915","7,407.834","7,631.552","7,086.224","7,060.032","7,089.702","7,407.080","7,543.856","7,024.860","8,381.263","7,656.983","8,063.398","8,026.154","7,646.637","7,539.982","8,039.678"
Norway,742.040,761.215,739.145,692.829,805.628,662.098,719.892,683.888,706.877,789.978,662.238,716.247,697.974,690.679,716.107,753.059,731.109,779.893,721.887,724.407,759.353,794.917,735.443,781.484,743.175,799.740,799.148,800.857,743.340,785.890
Russia,0.000,0.000,"1,381.858","1,794.946","1,725.730","1,728.144","1,127.972","2,185.288","1,731.918","1,368.077","1,890.453","3,056.870","3,504.015","3,772.288","3,205.391","3,335.803","3,465.140","4,317.899","4,053.190","3,553.161","4,155.257","4,217.683","4,174.745","4,410.193","4,746.950","4,710.038","5,232.881","5,467.783","5,287.542","5,916.633"
Switzerland,"1,170.508","1,130.292","1,101.251","1,059.878","1,099.406","1,016.829","1,111.627",970.772,"1,111.835","1,138.926","1,171.483","1,254.538","1,216.745","1,321.870","1,236.295","1,641.049","1,502.620","1,823.108","1,977.688","2,101.000","2,317.606","2,497.914","2,477.957","2,666.751","2,643.106","2,747.859","2,816.026","2,903.618","3,086.019","3,228.383"
Tunisia,101.000,90.201,110.583,100.624,137.267,136.783,143.650,164.617,147.417,185.747,192.450,233.000,235.566,123.148,263.911,189.974,209.464,253.418,317.612,288.799,304.090,428.782,438.924,438.967,460.028,458.707,465.553,546.156,532.967,508.332
United Kingdom,"2,898.298","2,805.914","3,088.172","3,196.981","3,465.860","2,806.723","2,903.453","2,929.338","3,142.408","2,907.255","3,012.401","3,061.827","2,971.318","3,002.018","3,328.680","3,433.304","4,045.789","3,780.548","3,967.458","4,130.908","4,301.908","4,183.230","4,126.054","4,206.091","4,318.696","4,895.407","5,052.293","4,989.038","5,687.860","5,554.364"
United States of America,"21,006.786","19,839.630","22,939.033","19,328.721","16,171.245","17,106.857","19,444.533","20,342.746","21,030.401","22,746.432","23,766.839","21,415.141","21,638.914","22,760.196","23,183.954","23,041.516","23,708.762","24,219.282","24,277.004","23,578.065","24,378.013","26,093.395","26,056.163","27,015.540","27,565.498","27,707.664","28,837.838","29,487.886","28,918.207","30,854.073"